modelo,order,eta,L_A,L_M,Gamma_hat_Phase1,T_p,K_p,gamma
SARIMA,,,,,,,,
FARIMA,"(2, 1, 0, 0)","[1.9872188869540328, -0.9886413234581127, -0.001830679628042527]","[1, 2]",[1],"[72.76370752404709, -266.64626744423094, 407.13189230030207, -285.4136943329504, 37.99886820921529, 69.81468164853322, -52.469372240724624, 34.165701847082346, -37.92894419581717, 31.489176755401786, -12.666460472679773, 3.35350934168855, -1.8397472742658465, 0.8021981709789543, -0.14639570741735497]",469.0,4.0,"[-0.9999573578952321, -149.2787379518764, -0.9999573578951888, -74.63601982276568, -0.9999573578952419, -49.75362517815133, -0.9999573578952258, -37.31131130446369]"
